{"cameraMode":{"drawMode":0,"name":"Shaded","section":"Shading Mode"},"sceneLighting":true,"audioPlay":false,"sceneViewState":{"showFog":true,"showMaterialUpdate":false,"showSkybox":true,"showFlares":true,"showImageEffects":true,"showParticleSystems":true},"in2DMode":false,"pivot":{"x":341.3197937011719,"y":121.71673583984375,"z":211.377685546875},"rotation":{"x":-0.10275574773550034,"y":0.6106922030448914,"z":-0.08034312725067139,"w":-0.7810514569282532},"size":490.0057678222656,"orthographic":false}